0,466.3798828125,292.63507080078125,43.85078811645508,43.85078811645508
1,462.701171875,291.9811706542969,45.11225128173828,45.11225128173828
2,454.8421936035156,289.6381530761719,44.94923782348633,44.94923782348633
3,448.61431884765625,288.6206359863281,47.6148681640625,47.6148681640625
4,440.9626159667969,284.7135925292969,45.392391204833984,45.392391204833984
5,437.66168212890625,282.76983642578125,43.015296936035156,43.015296936035156
6,434.100830078125,281.64385986328125,43.22074508666992,43.22074508666992
7,428.9424743652344,281.706298828125,43.69843292236328,43.69843292236328
8,425.45806884765625,283.3863830566406,44.218780517578125,44.218780517578125
9,421.01171875,283.342529296875,44.36027145385742,44.36027145385742
10,417.6423034667969,285.6214294433594,43.93913269042969,43.93913269042969
11,415.273193359375,285.4979553222656,42.95914840698242,42.95914840698242
12,409.7480163574219,290.5585632324219,42.83989334106445,42.83989334106445
13,408.42205810546875,295.470458984375,44.33187484741211,44.33187484741211
14,405.65625,297.5616760253906,44.29045486450195,44.29045486450195
15,404.5587463378906,299.3693542480469,42.7047004699707,42.7047004699707
16,403.9352722167969,302.358154296875,43.608009338378906,43.608009338378906
17,403.4420166015625,304.38336181640625,43.33497619628906,43.33497619628906
18,402.6550598144531,307.0751647949219,43.00713348388672,43.00713348388672
19,401.32696533203125,308.1523132324219,43.59493637084961,43.59493637084961
20,400.0758361816406,309.4380187988281,43.45519256591797,43.45519256591797
21,400.20751953125,309.75994873046875,43.09035873413086,43.09035873413086
22,400.20562744140625,311.1025085449219,43.292659759521484,43.292659759521484
23,398.86383056640625,309.9429931640625,41.5714111328125,41.5714111328125
24,396.74371337890625,310.6153869628906,41.79912185668945,41.79912185668945
25,395.34552001953125,309.968017578125,41.94283676147461,41.94283676147461
26,393.3025817871094,310.022705078125,42.81487274169922,42.81487274169922
27,392.11224365234375,311.0914611816406,41.52647018432617,41.52647018432617
28,391.1988220214844,310.2519226074219,42.44486999511719,42.44486999511719
29,388.4333190917969,311.20257568359375,41.37550354003906,41.37550354003906
30,384.7164001464844,306.5846252441406,41.352760314941406,41.352760314941406
31,379.8650207519531,306.9390563964844,41.36312484741211,41.36312484741211
32,373.4898986816406,305.5633850097656,41.70365905761719,41.70365905761719
33,369.7038269042969,304.972900390625,41.137813568115234,41.137813568115234
34,367.68798828125,304.7787170410156,42.747520446777344,42.747520446777344
35,360.29998779296875,307.3083190917969,41.926612854003906,41.926612854003906
36,351.2451171875,307.3187255859375,40.70305252075195,40.70305252075195
37,346.4089050292969,307.07965087890625,42.158287048339844,42.158287048339844
38,342.1722106933594,306.9692077636719,42.677059173583984,42.677059173583984
39,340.38360595703125,308.0819396972656,42.09524154663086,42.09524154663086
40,337.3501892089844,306.617919921875,41.42639923095703,41.42639923095703
41,334.31524658203125,306.6021728515625,41.577117919921875,41.577117919921875
42,333.8188171386719,308.6141052246094,40.894710540771484,40.894710540771484
43,331.04168701171875,308.1606140136719,41.09023666381836,41.09023666381836
44,327.3793640136719,310.0243835449219,41.50947952270508,41.50947952270508
45,324.4927673339844,310.09539794921875,37.42361068725586,37.42361068725586
46,323.5694885253906,308.04742431640625,38.08082962036133,38.08082962036133
47,333.1770935058594,307.8060302734375,39.58959197998047,39.58959197998047
48,340.06683349609375,302.1923522949219,40.426448822021484,40.426448822021484
49,340.4670104980469,291.1128845214844,44.186214447021484,44.186214447021484
50,342.8153076171875,277.1197814941406,41.956207275390625,41.956207275390625
51,349.1684265136719,269.61627197265625,39.11985778808594,39.11985778808594
52,354.1955261230469,263.66375732421875,47.08515167236328,47.08515167236328
53,352.4468078613281,258.8454284667969,41.04985427856445,41.04985427856445
54,359.6453552246094,255.8551483154297,44.647727966308594,44.647727966308594
55,364.5089416503906,248.7716827392578,42.42463302612305,42.42463302612305
56,366.9979553222656,246.77517700195312,39.611141204833984,39.611141204833984
57,365.51593017578125,246.1435546875,41.041133880615234,41.041133880615234
58,364.7420654296875,245.7998046875,37.41984939575195,37.41984939575195
59,363.2764892578125,237.191650390625,37.3245849609375,37.3245849609375
60,365.1162414550781,231.01951599121094,40.812652587890625,40.812652587890625
61,370.71234130859375,216.3195343017578,43.404510498046875,43.404510498046875
62,370.5026550292969,203.89927673339844,45.167598724365234,45.167598724365234
63,371.3204650878906,195.79881286621094,45.680572509765625,45.680572509765625
64,375.0317077636719,186.87921142578125,36.679115295410156,36.679115295410156
65,373.9164733886719,173.09283447265625,39.0839958190918,39.0839958190918
66,373.9397888183594,161.3211669921875,36.751155853271484,36.751155853271484
67,373.42498779296875,147.81387329101562,36.398311614990234,36.398311614990234
68,371.0213317871094,157.2558135986328,40.65665817260742,40.65665817260742
69,371.1912841796875,158.8486785888672,39.89387893676758,39.89387893676758
70,373.5994567871094,161.45108032226562,41.00138473510742,41.00138473510742
71,372.2770080566406,166.11509704589844,37.29063034057617,37.29063034057617
72,372.8865661621094,173.12295532226562,39.178741455078125,39.178741455078125
73,376.4687194824219,182.93283081054688,40.36812973022461,40.36812973022461
74,380.41510009765625,193.91494750976562,39.4627799987793,39.4627799987793
75,381.9180603027344,204.5511474609375,40.936363220214844,40.936363220214844
76,381.87548828125,222.0708770751953,45.54984664916992,45.54984664916992
77,383.6224670410156,239.82603454589844,41.0465087890625,41.0465087890625
78,386.5894470214844,258.7880554199219,39.39988327026367,39.39988327026367
79,389.2396240234375,247.7511749267578,39.843109130859375,39.843109130859375
80,387.7751770019531,239.90689086914062,48.96738815307617,48.96738815307617
81,382.1438903808594,222.87808227539062,42.836456298828125,42.836456298828125
82,381.7164001464844,216.8909149169922,39.54935836791992,39.54935836791992
83,378.6048278808594,206.18838500976562,40.444454193115234,40.444454193115234
84,373.4996643066406,193.43853759765625,39.52656936645508,39.52656936645508
85,371.1131286621094,182.76077270507812,39.95846176147461,39.95846176147461
86,366.8708190917969,178.94203186035156,39.20119857788086,39.20119857788086
87,366.8195495605469,171.30455017089844,42.09406661987305,42.09406661987305
88,362.2825927734375,171.93553161621094,42.66817855834961,42.66817855834961
89,358.96380615234375,172.2703094482422,39.58575439453125,39.58575439453125
90,352.950439453125,173.37657165527344,37.79338455200195,37.79338455200195
91,349.59674072265625,179.26060485839844,38.31890869140625,38.31890869140625
92,346.7441101074219,189.38084411621094,29.119089126586914,29.119089126586914
93,342.61456298828125,199.4310760498047,32.94009017944336,32.94009017944336
94,334.64996337890625,204.6601104736328,32.49138259887695,32.49138259887695
95,226.8716583251953,296.1547546386719,20.91704559326172,20.91704559326172
96,263.930908203125,271.4342956542969,25.218870162963867,25.218870162963867
97,231.7758026123047,290.438232421875,21.757125854492188,21.757125854492188
98,230.6301727294922,287.86474609375,21.138973236083984,21.138973236083984
99,338.12725830078125,217.58706665039062,34.448787689208984,34.448787689208984
100,332.3829040527344,209.784423828125,33.17995071411133,33.17995071411133
101,342.6059265136719,187.5831756591797,38.23535919189453,38.23535919189453
102,341.6411437988281,163.8666229248047,34.338436126708984,34.338436126708984
103,348.2780456542969,155.8623046875,34.38827133178711,34.38827133178711
104,354.9149475097656,147.8579864501953,34.438106536865234,34.438106536865234
105,361.5518493652344,139.85366821289062,34.48794174194336,34.48794174194336
106,358.4172058105469,116.0192642211914,38.4240837097168,38.4240837097168
107,362.7161560058594,107.91405487060547,37.493247985839844,37.493247985839844
108,366.704833984375,100.46541595458984,39.886810302734375,39.886810302734375
109,365.7832946777344,101.60382843017578,39.96622848510742,39.96622848510742
110,366.5350036621094,100.94792938232422,41.00626754760742,41.00626754760742
111,367.5857849121094,103.5280990600586,40.76770782470703,40.76770782470703
112,368.901123046875,104.81011199951172,38.96482467651367,38.96482467651367
113,365.9893798828125,109.78055572509766,41.82100296020508,41.82100296020508
114,360.8955078125,119.38298797607422,40.43558120727539,40.43558120727539
115,355.6922302246094,130.41905212402344,40.955204010009766,40.955204010009766
116,349.64898681640625,134.3942413330078,41.38717269897461,41.38717269897461
117,343.6057434082031,138.3694305419922,41.81914138793945,41.81914138793945
118,337.5625,142.34461975097656,42.2511100769043,42.2511100769043
119,331.5192565917969,146.31980895996094,42.68307876586914,42.68307876586914
120,357.0919494628906,204.4343719482422,39.626827239990234,39.626827239990234
121,357.23272705078125,228.08047485351562,41.22163009643555,41.22163009643555
122,357.0914306640625,255.93833923339844,48.12837600708008,48.12837600708008
123,356.1310729980469,255.7142333984375,43.49745559692383,43.49745559692383
124,354.46881103515625,247.7431182861328,45.93268585205078,45.93268585205078
125,350.7909240722656,237.0094451904297,39.13826370239258,39.13826370239258
126,344.5042419433594,220.041015625,37.561344146728516,37.561344146728516
127,338.1647644042969,198.11325073242188,42.14119338989258,42.14119338989258
128,334.3326416015625,185.77053833007812,40.68670654296875,40.68670654296875
129,332.8319396972656,173.492919921875,40.74631118774414,40.74631118774414
130,330.8345642089844,164.1023712158203,36.561336517333984,36.561336517333984
131,326.6464538574219,160.42422485351562,38.17121505737305,38.17121505737305
132,323.9262390136719,162.5090789794922,39.16291427612305,39.16291427612305
133,319.0770263671875,164.1971893310547,40.54695510864258,40.54695510864258
134,315.17584228515625,166.5446014404297,37.18891525268555,37.18891525268555
135,312.8871765136719,171.7226104736328,31.567981719970703,31.567981719970703
136,311.0701599121094,178.238037109375,33.75410079956055,33.75410079956055
137,304.6869812011719,184.56614685058594,39.84611511230469,39.84611511230469
138,302.8140869140625,195.4178466796875,35.83839416503906,35.83839416503906
139,296.9378356933594,210.34890747070312,36.96803665161133,36.96803665161133
140,291.1204528808594,223.58740234375,37.98676681518555,37.98676681518555
141,287.666748046875,235.81179809570312,46.57991409301758,46.57991409301758
142,286.2743835449219,246.573974609375,39.766883850097656,39.766883850097656
143,286.83660888671875,262.4577331542969,38.94622802734375,38.94622802734375
144,287.0021667480469,256.2150573730469,39.32867431640625,39.32867431640625
145,296.98614501953125,244.8404541015625,37.53877639770508,37.53877639770508
146,304.0362243652344,236.681396484375,43.00028991699219,43.00028991699219
147,307.9032897949219,230.78518676757812,39.2427978515625,39.2427978515625
148,309.39556884765625,227.39651489257812,39.87626266479492,39.87626266479492
149,312.6811828613281,225.6869659423828,37.836082458496094,37.836082458496094
150,315.8602600097656,224.69802856445312,37.575565338134766,37.575565338134766
151,320.059326171875,227.9810028076172,37.23598861694336,37.23598861694336
152,325.45538330078125,233.44863891601562,36.823402404785156,36.823402404785156
153,325.3385314941406,237.37942504882812,40.59917068481445,40.59917068481445
154,327.2692565917969,244.2916259765625,39.9777717590332,39.9777717590332
155,326.650634765625,257.5224609375,43.360198974609375,43.360198974609375
156,330.61956787109375,267.2041931152344,37.62977600097656,37.62977600097656
157,330.06744384765625,256.06854248046875,37.733863830566406,37.733863830566406
158,326.3673400878906,246.6484375,42.0078239440918,42.0078239440918
159,325.66461181640625,233.5751190185547,43.03730010986328,43.03730010986328
160,322.8809509277344,223.7981414794922,37.8383674621582,37.8383674621582
161,321.48529052734375,213.54734802246094,38.82042694091797,38.82042694091797
162,321.3431091308594,207.81591796875,35.93842697143555,35.93842697143555
163,321.26495361328125,203.53237915039062,39.18703079223633,39.18703079223633
164,325.22607421875,198.07290649414062,37.563968658447266,37.563968658447266
165,329.7076110839844,193.4939422607422,33.276092529296875,33.276092529296875
166,329.3200988769531,189.50424194335938,34.043514251708984,34.043514251708984
167,334.2227478027344,182.1568603515625,34.7049674987793,34.7049674987793
168,342.4263000488281,177.35531616210938,34.91170883178711,34.91170883178711
169,348.3760681152344,178.9341583251953,37.05257797241211,37.05257797241211
170,353.0662536621094,183.84649658203125,34.20609664916992,34.20609664916992
171,356.3725280761719,189.65550231933594,34.3895378112793,34.3895378112793
172,352.7515563964844,195.6280975341797,39.86993408203125,39.86993408203125
173,352.3409118652344,200.83392333984375,42.3020133972168,42.3020133972168
174,358.3287048339844,203.13494873046875,42.418983459472656,42.418983459472656
175,356.8544616699219,223.2212677001953,35.95187759399414,35.95187759399414
176,360.2051696777344,239.8026885986328,34.581214904785156,34.581214904785156
177,361.5439453125,256.718994140625,48.269161224365234,48.269161224365234
178,364.50616455078125,256.2821960449219,38.333343505859375,38.333343505859375
179,362.9174499511719,245.22178649902344,34.65367889404297,34.65367889404297
180,358.1380920410156,224.2267608642578,36.06232452392578,36.06232452392578
181,356.8293762207031,204.93252563476562,34.42572784423828,34.42572784423828
182,355.60797119140625,189.9351043701172,37.56308364868164,37.56308364868164
183,359.3510437011719,172.26162719726562,19.969926834106445,19.969926834106445
184,354.1801452636719,172.19485473632812,32.63735580444336,32.63735580444336
185,351.1015625,162.22422790527344,34.723758697509766,34.723758697509766
186,346.0006103515625,149.59791564941406,35.47714614868164,35.47714614868164
187,345.43212890625,146.4756317138672,35.165706634521484,35.165706634521484
188,344.9439392089844,147.1625213623047,34.091854095458984,34.091854095458984
189,342.11566162109375,153.04580688476562,33.915531158447266,33.915531158447266
190,339.28125,148.63168334960938,33.939605712890625,33.939605712890625
191,332.6666259765625,165.67141723632812,36.27663803100586,36.27663803100586
192,329.1643371582031,171.06443786621094,34.439308166503906,34.439308166503906
193,325.43560791015625,179.3824462890625,33.63933181762695,33.63933181762695
194,319.6703796386719,188.8263397216797,33.24883270263672,33.24883270263672
195,320.8974304199219,195.0088653564453,26.158292770385742,26.158292770385742
196,320.0539855957031,205.8865509033203,25.0445499420166,25.0445499420166
197,319.2105407714844,216.7642364501953,23.93080711364746,23.93080711364746
198,305.791259765625,241.59788513183594,36.21902084350586,36.21902084350586
199,300.6205749511719,259.2425231933594,34.45500564575195,34.45500564575195
200,301.2046203613281,249.1060791015625,35.11508560180664,35.11508560180664
201,296.9475402832031,261.09808349609375,35.27052688598633,35.27052688598633
202,301.3972473144531,230.9454803466797,29.307376861572266,29.307376861572266
203,299.1502990722656,217.8341827392578,31.764474868774414,31.764474868774414
204,295.646484375,204.67132568359375,32.14875411987305,32.14875411987305
205,294.9747009277344,199.2225799560547,34.754032135009766,34.754032135009766
206,302.1771545410156,196.80690002441406,34.88102722167969,34.88102722167969
207,305.39202880859375,197.0039520263672,36.02549362182617,36.02549362182617
208,307.2451171875,198.22874450683594,34.42226028442383,34.42226028442383
209,311.0544128417969,199.2777557373047,34.515987396240234,34.515987396240234
210,312.2748107910156,200.54696655273438,34.67688751220703,34.67688751220703
211,314.0950012207031,201.7608642578125,34.31427001953125,34.31427001953125
212,316.5901794433594,208.646728515625,33.26332092285156,33.26332092285156
213,320.0030212402344,212.12417602539062,33.06446838378906,33.06446838378906
214,319.244140625,229.015869140625,37.983551025390625,37.983551025390625
215,316.632568359375,236.0681610107422,34.410919189453125,34.410919189453125
216,318.942626953125,243.92710876464844,32.87371063232422,32.87371063232422
217,317.2311706542969,230.82908630371094,34.20339584350586,34.20339584350586
218,319.4642639160156,217.81448364257812,29.88125991821289,29.88125991821289
219,319.12322998046875,218.75022888183594,29.486909866333008,29.486909866333008
220,318.97454833984375,200.12722778320312,35.49079513549805,35.49079513549805
221,325.0617370605469,194.96163940429688,36.3579216003418,36.3579216003418
222,327.4894714355469,192.10740661621094,34.45073318481445,34.45073318481445
223,332.9912109375,188.31639099121094,35.74938201904297,35.74938201904297
224,336.33306884765625,183.8147430419922,36.61544418334961,36.61544418334961
225,340.035888671875,183.5358123779297,35.68844223022461,35.68844223022461
226,342.42486572265625,185.554931640625,36.31025314331055,36.31025314331055
227,341.3326110839844,192.5210723876953,38.777496337890625,38.777496337890625
228,338.16900634765625,197.74514770507812,34.60810089111328,34.60810089111328
229,338.4801940917969,205.29917907714844,34.5090446472168,34.5090446472168
230,337.0855407714844,215.296630859375,33.635921478271484,33.635921478271484
231,338.8356018066406,229.4797821044922,39.2395133972168,39.2395133972168
232,339.3879089355469,229.06407165527344,32.315704345703125,32.315704345703125
233,340.5755615234375,206.3364715576172,38.88594436645508,38.88594436645508
234,345.81134033203125,190.2195281982422,33.589752197265625,33.589752197265625
235,347.8941955566406,171.18392944335938,33.846351623535156,33.846351623535156
236,348.9858703613281,161.15138244628906,34.1869010925293,34.1869010925293
237,350.0775451660156,151.11883544921875,34.52745056152344,34.52745056152344
238,351.1692199707031,141.08628845214844,34.86800003051758,34.86800003051758
239,352.2608947753906,131.05374145507812,35.20854949951172,35.20854949951172
240,340.3382873535156,118.07152557373047,34.711666107177734,34.711666107177734
241,339.7767639160156,112.7721176147461,31.709314346313477,31.709314346313477
242,337.92498779296875,108.2178726196289,36.786441802978516,36.786441802978516
243,341.23992919921875,95.00993347167969,36.85543441772461,36.85543441772461
244,344.55487060546875,81.80199432373047,36.9244270324707,36.9244270324707
245,347.86981201171875,68.59405517578125,36.9934196472168,36.9934196472168
246,325.57958984375,97.49066925048828,36.60593795776367,36.60593795776367
247,323.8420104980469,92.19328308105469,36.95505905151367,36.95505905151367
248,327.07891845703125,110.3809814453125,35.0357780456543,35.0357780456543
249,323.7416076660156,109.03079223632812,34.929412841796875,34.929412841796875
250,320.404296875,107.68060302734375,34.82304763793945,34.82304763793945
251,324.6211853027344,127.9658203125,37.19636917114258,37.19636917114258
252,323.458251953125,136.48741149902344,37.47160720825195,37.47160720825195
253,320.49615478515625,150.7030487060547,34.67695999145508,34.67695999145508
254,315.03814697265625,170.7581329345703,34.419471740722656,34.419471740722656
255,310.0757751464844,191.42462158203125,37.271324157714844,37.271324157714844
256,309.8215026855469,186.50025939941406,32.300010681152344,32.300010681152344
257,306.7007141113281,216.91299438476562,30.662748336791992,30.662748336791992
258,301.3412780761719,239.5718536376953,31.05030632019043,31.05030632019043
259,297.1115417480469,242.2754364013672,33.00569152832031,33.00569152832031
260,302.20953369140625,217.6009063720703,34.5617561340332,34.5617561340332
261,302.8931884765625,218.5955810546875,43.25836181640625,43.25836181640625
262,304.991455078125,199.0885467529297,38.92108154296875,38.92108154296875
263,314.03302001953125,181.47898864746094,35.467079162597656,35.467079162597656
264,324.3955078125,161.9735870361328,31.00931739807129,31.00931739807129
265,326.6681823730469,141.53048706054688,34.21424102783203,34.21424102783203
266,337.3932189941406,130.7130126953125,37.59202194213867,37.59202194213867
267,340.9342956542969,117.46199798583984,37.37702560424805,37.37702560424805
268,351.7716064453125,120.53719329833984,35.63556671142578,35.63556671142578
269,353.9451599121094,119.47408294677734,35.98065185546875,35.98065185546875
270,355.6147155761719,116.8337631225586,36.321529388427734,36.321529388427734
271,349.6725158691406,115.33922576904297,37.472816467285156,37.472816467285156
272,350.36395263671875,117.3187026977539,36.95685958862305,36.95685958862305
273,349.2732849121094,121.28641510009766,35.970184326171875,35.970184326171875
274,349.3968505859375,126.85444641113281,31.91607666015625,31.91607666015625
275,348.5448913574219,136.30982971191406,38.85894775390625,38.85894775390625
276,349.68414306640625,150.9571990966797,29.300413131713867,29.300413131713867
277,350.7526550292969,159.6691436767578,33.070186614990234,33.070186614990234
278,348.0926818847656,181.59197998046875,37.091064453125,37.091064453125
279,346.1073303222656,204.0250244140625,37.89815902709961,37.89815902709961
280,346.25225830078125,201.85125732421875,34.04158020019531,34.04158020019531
281,344.6971130371094,267.4052429199219,23.040912628173828,23.040912628173828
282,340.83154296875,269.6988525390625,44.31128692626953,44.31128692626953
283,337.680908203125,278.34161376953125,30.318220138549805,30.318220138549805
284,323.4913024902344,253.8557891845703,28.59307861328125,28.59307861328125
285,308.5702819824219,225.71507263183594,33.79445266723633,33.79445266723633
286,303.02362060546875,204.0081329345703,24.335641860961914,24.335641860961914
287,300.9876708984375,197.0057830810547,32.98915481567383,32.98915481567383
288,300.043212890625,181.58517456054688,28.700088500976562,28.700088500976562
289,286.1568908691406,157.3019256591797,35.06650924682617,35.06650924682617
290,276.2630310058594,140.5794219970703,33.36899948120117,33.36899948120117
291,265.1662292480469,122.1496353149414,28.694639205932617,28.694639205932617
292,257.4245910644531,100.59992980957031,28.773513793945312,28.773513793945312
293,254.6200408935547,113.6019058227539,30.062963485717773,30.062963485717773
294,257.06219482421875,108.61370849609375,36.591190338134766,36.591190338134766
295,259.3124694824219,101.20136260986328,35.15545654296875,35.15545654296875
296,261.3595886230469,96.17805480957031,35.47349166870117,35.47349166870117
297,264.4062194824219,91.77098083496094,25.734399795532227,25.734399795532227
298,266.4037170410156,88.05779266357422,24.699670791625977,24.699670791625977
299,262.1224060058594,81.41004943847656,24.20805549621582,24.20805549621582
300,273.20367431640625,90.46929168701172,26.805404663085938,26.805404663085938
301,280.2543029785156,100.02538299560547,28.634912490844727,28.634912490844727
302,285.81878662109375,104.88128662109375,37.44261932373047,37.44261932373047
303,287.4222717285156,111.8361587524414,37.53278732299805,37.53278732299805
304,287.07666015625,120.17286682128906,32.37080001831055,32.37080001831055
305,288.41290283203125,126.0009536743164,40.119667053222656,40.119667053222656
306,292.1800231933594,133.9219970703125,30.679365158081055,30.679365158081055
307,293.89044189453125,151.2344207763672,35.86064147949219,35.86064147949219
308,298.1739196777344,168.8456573486328,35.94124984741211,35.94124984741211
309,300.70733642578125,192.51278686523438,31.28805923461914,31.28805923461914
310,300.1101989746094,198.99900817871094,32.26926803588867,32.26926803588867
311,300.3359069824219,227.4034881591797,35.249080657958984,35.249080657958984
312,297.8749084472656,252.6579132080078,39.434913635253906,39.434913635253906
313,300.57794189453125,266.79522705078125,38.00971603393555,38.00971603393555
314,302.6268310546875,243.272705078125,39.20745849609375,39.20745849609375
315,305.8478698730469,235.9176483154297,42.436580657958984,42.436580657958984
316,305.04864501953125,228.1541290283203,42.41902160644531,42.41902160644531
317,303.4151611328125,214.38858032226562,41.441097259521484,41.441097259521484
318,305.64447021484375,206.3408660888672,38.459190368652344,38.459190368652344
319,302.793212890625,202.66725158691406,37.61452865600586,37.61452865600586
320,300.3306579589844,197.43077087402344,38.14739990234375,38.14739990234375
321,302.06256103515625,192.88356018066406,37.161163330078125,37.161163330078125
322,301.0992736816406,191.1612091064453,38.08610153198242,38.08610153198242
323,297.7975158691406,188.81727600097656,40.483028411865234,40.483028411865234
324,293.43902587890625,189.6885223388672,40.18446350097656,40.18446350097656
325,288.8482360839844,192.1783447265625,39.13450241088867,39.13450241088867
326,291.5848693847656,198.4186248779297,39.65546798706055,39.65546798706055
327,292.40655517578125,207.2989959716797,38.640663146972656,38.640663146972656
328,290.8472900390625,208.9091033935547,38.36442184448242,38.36442184448242
329,290.9975280761719,232.23509216308594,46.471553802490234,46.471553802490234
330,289.0656433105469,245.84619140625,41.866512298583984,41.866512298583984
331,287.52142333984375,256.9504089355469,36.353515625,36.353515625
332,282.9837951660156,280.3061218261719,41.712493896484375,41.712493896484375
333,284.887451171875,254.6401824951172,39.7584228515625,39.7584228515625
334,294.93353271484375,263.39080810546875,24.638450622558594,24.638450622558594
335,289.7518615722656,232.76976013183594,30.904272079467773,30.904272079467773
336,289.3832702636719,211.8549041748047,38.255367279052734,38.255367279052734
337,280.5044860839844,196.06918334960938,38.966068267822266,38.966068267822266
338,277.50537109375,187.9290008544922,38.98946762084961,38.98946762084961
339,276.8793640136719,157.52952575683594,35.91425704956055,35.91425704956055
340,274.6036682128906,146.9541015625,28.734088897705078,28.734088897705078
341,271.1454772949219,139.66519165039062,33.180538177490234,33.180538177490234
342,266.5260009765625,124.53414916992188,32.923606872558594,32.923606872558594
343,261.9065246582031,109.40310668945312,32.66667556762695,32.66667556762695
344,257.28704833984375,94.27206420898438,32.40974426269531,32.40974426269531
345,252.66757202148438,79.14102172851562,32.15281295776367,32.15281295776367
346,263.0002746582031,97.45040130615234,39.8995361328125,39.8995361328125
347,262.80206298828125,85.97433471679688,40.67061233520508,40.67061233520508
348,263.2225036621094,101.4891586303711,40.883262634277344,40.883262634277344
349,263.7799987792969,106.481689453125,41.16712951660156,41.16712951660156
350,260.75531005859375,103.50762939453125,41.781002044677734,41.781002044677734
351,257.7306213378906,100.5335693359375,42.394874572753906,42.394874572753906
352,258.5292663574219,140.67930603027344,38.66749954223633,38.66749954223633
353,253.4846954345703,158.8695526123047,26.66169548034668,26.66169548034668
354,256.51812744140625,157.89651489257812,37.91652297973633,37.91652297973633
355,255.0492706298828,180.50169372558594,37.32355880737305,37.32355880737305
356,253.9423065185547,202.81114196777344,38.54978561401367,38.54978561401367
357,254.0625,224.7965087890625,40.771087646484375,40.771087646484375
358,255.3118438720703,227.00320434570312,35.70186233520508,35.70186233520508
359,253.9207000732422,251.39895629882812,37.81597900390625,37.81597900390625
360,255.01699829101562,270.69024658203125,38.21331787109375,38.21331787109375
361,262.8878479003906,246.372314453125,38.559017181396484,38.559017181396484
362,267.0774841308594,221.6339569091797,41.32550811767578,41.32550811767578
363,270.7992248535156,214.0363006591797,42.84928894042969,42.84928894042969
364,270.5595397949219,188.47525024414062,43.327327728271484,43.327327728271484
365,274.0843811035156,178.32769775390625,38.413997650146484,38.413997650146484
366,275.05810546875,164.43418884277344,40.76531219482422,40.76531219482422
367,276.5684814453125,153.1829071044922,37.42833709716797,37.42833709716797
368,278.8064880371094,142.72625732421875,38.8087158203125,38.8087158203125
369,280.0370788574219,136.6106719970703,40.41701889038086,40.41701889038086
370,282.7074890136719,132.7230987548828,41.063045501708984,41.063045501708984
371,284.9505310058594,132.756591796875,42.45017623901367,42.45017623901367
372,287.7496032714844,133.54454040527344,40.784385681152344,40.784385681152344
373,292.4394226074219,133.93402099609375,38.09143829345703,38.09143829345703
374,292.4090576171875,140.41580200195312,37.74003219604492,37.74003219604492
375,297.4749755859375,142.44110107421875,32.571441650390625,32.571441650390625
376,296.5860290527344,149.4551544189453,32.49840545654297,32.49840545654297
377,294.2786560058594,155.06533813476562,36.77863311767578,36.77863311767578
378,291.0743408203125,166.75091552734375,37.41856002807617,37.41856002807617
379,288.9128112792969,174.4371795654297,38.03803634643555,38.03803634643555
380,295.1818542480469,185.62095642089844,38.40269088745117,38.40269088745117
381,295.0813903808594,200.51121520996094,36.46488952636719,36.46488952636719
382,291.70611572265625,210.31387329101562,33.66190719604492,33.66190719604492
383,288.9756164550781,223.9336395263672,36.15494155883789,36.15494155883789
384,288.7104797363281,245.9347686767578,34.36027145385742,34.36027145385742
385,292.3162536621094,257.4473571777344,43.56863021850586,43.56863021850586
386,297.732177734375,224.35134887695312,34.92344665527344,34.92344665527344
387,297.2893981933594,228.75341796875,34.8510627746582,34.8510627746582
388,300.93365478515625,202.3028564453125,43.5775146484375,43.5775146484375
389,300.928466796875,182.7750701904297,35.85282897949219,35.85282897949219
390,306.6051025390625,164.31765747070312,37.59431076049805,37.59431076049805
391,305.5230712890625,152.90203857421875,33.818119049072266,33.818119049072266
392,306.1844177246094,139.2683563232422,36.19921875,36.19921875
393,308.9781188964844,130.43505859375,35.7949104309082,35.7949104309082
394,312.4678039550781,119.47392272949219,36.0219612121582,36.0219612121582
395,315.9574890136719,108.51278686523438,36.2490119934082,36.2490119934082
396,311.73193359375,115.58528137207031,31.033538818359375,31.033538818359375
397,315.5218200683594,111.0318603515625,32.35145950317383,32.35145950317383
398,318.7098693847656,108.86883544921875,33.3098258972168,33.3098258972168
399,322.1113586425781,109.06231689453125,31.601728439331055,31.601728439331055
400,324.6720886230469,108.86346435546875,30.374826431274414,30.374826431274414
401,326.0296936035156,112.12629699707031,29.298227310180664,29.298227310180664
402,328.27288818359375,117.2027816772461,33.22274398803711,33.22274398803711
403,330.17535400390625,120.01063537597656,31.027301788330078,31.027301788330078
404,331.578369140625,126.40046691894531,32.0432014465332,32.0432014465332
405,331.9670104980469,134.05418395996094,30.16156005859375,30.16156005859375
406,332.5214538574219,137.98048400878906,29.556150436401367,29.556150436401367
407,333.0758972167969,141.9067840576172,28.950740814208984,28.950740814208984
408,333.6303405761719,145.8330841064453,28.3453311920166,28.3453311920166
409,315.7975769042969,181.72621154785156,31.245651245117188,31.245651245117188
410,313.03033447265625,194.0497589111328,29.557607650756836,29.557607650756836
411,312.22930908203125,213.9944610595703,29.88010597229004,29.88010597229004
412,316.64447021484375,231.7882080078125,30.755859375,30.755859375
413,325.3227844238281,204.8092803955078,29.1806583404541,29.1806583404541
414,326.7965393066406,205.09251403808594,30.680261611938477,30.680261611938477
415,330.902587890625,184.4801025390625,28.12225914001465,28.12225914001465
416,334.8010559082031,165.22850036621094,26.637052536010742,26.637052536010742
417,330.1206970214844,147.6101531982422,26.124746322631836,26.124746322631836
418,328.6526794433594,146.6106719970703,20.465621948242188,20.465621948242188
419,328.91192626953125,138.47740173339844,19.56134796142578,19.56134796142578
420,329.1711730957031,130.34413146972656,18.657073974609375,18.657073974609375
421,324.4996032714844,105.61506652832031,32.164894104003906,32.164894104003906
422,322.3560791015625,96.21806335449219,27.541635513305664,27.541635513305664
423,319.3327941894531,92.77493286132812,30.932971954345703,30.932971954345703
424,318.5745544433594,88.1374282836914,29.853845596313477,29.853845596313477
425,316.9240417480469,86.21501922607422,29.641830444335938,29.641830444335938
426,316.58721923828125,89.55635070800781,30.579050064086914,30.579050064086914
427,314.40606689453125,92.5398178100586,30.928287506103516,30.928287506103516
428,313.8928527832031,98.17210388183594,30.099231719970703,30.099231719970703
429,311.45654296875,107.11763000488281,28.343107223510742,28.343107223510742
430,310.7275085449219,113.69012451171875,25.964111328125,25.964111328125
431,307.8514709472656,120.57438659667969,25.533599853515625,25.533599853515625
432,308.95233154296875,131.20449829101562,29.11764907836914,29.11764907836914
433,306.74798583984375,140.90963745117188,28.85413932800293,28.85413932800293
434,304.54364013671875,150.61477661132812,28.59062957763672,28.59062957763672
435,300.1196594238281,175.13296508789062,29.28120994567871,29.28120994567871
436,297.4438171386719,191.78465270996094,26.84775161743164,26.84775161743164
437,296.5394592285156,203.85887145996094,27.429006576538086,27.429006576538086
438,296.60479736328125,211.96299743652344,30.2658748626709,30.2658748626709
439,298.01904296875,229.59947204589844,29.370466232299805,29.370466232299805
440,298.5757751464844,227.2890167236328,28.42344093322754,28.42344093322754
441,300.71533203125,203.95632934570312,21.52474021911621,21.52474021911621
442,301.6030578613281,209.12411499023438,20.799423217773438,20.799423217773438
443,302.49078369140625,214.29190063476562,20.074106216430664,20.074106216430664
444,303.3785095214844,219.45968627929688,19.34878921508789,19.34878921508789
445,287.0196838378906,154.0583953857422,25.244665145874023,25.244665145874023
446,286.2181091308594,139.60813903808594,27.066740036010742,27.066740036010742
447,287.7325439453125,128.26292419433594,26.968429565429688,26.968429565429688
448,289.2469787597656,116.91771697998047,26.870119094848633,26.870119094848633
449,290.76141357421875,105.572509765625,26.771808624267578,26.771808624267578
450,292.2758483886719,94.22730255126953,26.673498153686523,26.673498153686523
451,292.3581237792969,96.2256088256836,21.225934982299805,21.225934982299805
452,290.91497802734375,86.15145111083984,20.87027931213379,20.87027931213379
453,295.63031005859375,83.37862396240234,24.858190536499023,24.858190536499023
454,295.80511474609375,71.51473999023438,24.679563522338867,24.679563522338867
455,299.7640075683594,72.74694061279297,25.61885643005371,25.61885643005371
456,302.788330078125,73.9266128540039,24.17549705505371,24.17549705505371
457,302.9354553222656,76.14862060546875,25.82771873474121,25.82771873474121
458,306.8675231933594,78.25555419921875,21.961122512817383,21.961122512817383
459,309.3902282714844,81.65711212158203,25.385021209716797,25.385021209716797
460,314.0156555175781,85.49989318847656,24.90447235107422,24.90447235107422
461,315.87261962890625,88.70630645751953,24.890701293945312,24.890701293945312
462,317.7295837402344,91.9127197265625,24.876930236816406,24.876930236816406
463,319.5865478515625,95.11913299560547,24.8631591796875,24.8631591796875
464,330.5741271972656,112.25164794921875,25.521167755126953,25.521167755126953
465,338.7203063964844,122.4610824584961,26.1796817779541,26.1796817779541
466,342.2621154785156,131.8188018798828,26.390613555908203,26.390613555908203
467,345.8039245605469,141.17652893066406,26.601545333862305,26.601545333862305
468,351.2200622558594,171.74313354492188,23.396556854248047,23.396556854248047
469,355.6347351074219,185.79336547851562,23.36888313293457,23.36888313293457
470,347.8865661621094,194.46250915527344,26.367706298828125,26.367706298828125
471,347.3697204589844,219.6067657470703,27.252765655517578,27.252765655517578
472,349.3968200683594,234.60536193847656,27.084980010986328,27.084980010986328
473,351.4239196777344,249.6039581298828,26.917194366455078,26.917194366455078
474,353.4510192871094,264.6025390625,26.749408721923828,26.749408721923828
475,348.40435791015625,201.59629821777344,25.202638626098633,25.202638626098633
476,352.6977844238281,185.05276489257812,26.8693790435791,26.8693790435791
477,356.8064880371094,168.9503631591797,27.169513702392578,27.169513702392578
478,352.6650695800781,165.32192993164062,27.38689613342285,27.38689613342285
479,348.5236511230469,161.69349670410156,27.604278564453125,27.604278564453125
480,370.4654541015625,142.7186737060547,20.95783805847168,20.95783805847168
481,374.2917175292969,139.1766815185547,27.416101455688477,27.416101455688477
482,381.4158630371094,130.2990264892578,27.713415145874023,27.713415145874023
483,390.8399353027344,127.2308578491211,30.488937377929688,30.488937377929688
484,398.1004638671875,127.69471740722656,27.679529190063477,27.679529190063477
485,404.1614685058594,126.96392059326172,29.153518676757812,29.153518676757812
486,409.8012390136719,126.80738830566406,29.24582290649414,29.24582290649414
487,416.2099609375,127.5771484375,25.342025756835938,25.342025756835938
488,420.2503967285156,124.92992401123047,24.919818878173828,24.919818878173828
489,421.78448486328125,124.3841781616211,25.15726089477539,25.15726089477539
490,425.6765441894531,121.01630401611328,24.848140716552734,24.848140716552734
491,429.568603515625,117.64842987060547,24.539020538330078,24.539020538330078
492,433.4606628417969,114.28055572509766,24.229900360107422,24.229900360107422
493,423.244873046875,137.11184692382812,21.515064239501953,21.515064239501953
494,424.7433776855469,138.61273193359375,21.337160110473633,21.337160110473633
495,429.3382873535156,160.72732543945312,26.146203994750977,26.146203994750977
496,425.915283203125,176.79283142089844,26.327299118041992,26.327299118041992
497,425.8244934082031,182.88247680664062,26.220827102661133,26.220827102661133
498,427.21417236328125,196.58570861816406,25.40752601623535,25.40752601623535
499,433.6202087402344,219.86558532714844,22.26789665222168,22.26789665222168
500,433.6541748046875,235.48681640625,21.877962112426758,21.877962112426758
501,444.7749938964844,200.1200408935547,23.551362991333008,23.551362991333008
502,450.21075439453125,196.4462890625,27.510421752929688,27.510421752929688
503,454.5324401855469,201.80909729003906,27.33001708984375,27.33001708984375
504,458.8541259765625,207.17190551757812,27.149612426757812,27.149612426757812
505,461.5179748535156,180.6981964111328,24.726072311401367,24.726072311401367
506,465.870849609375,177.44696044921875,24.994001388549805,24.994001388549805
507,467.3451843261719,173.01220703125,25.774255752563477,25.774255752563477
508,464.46435546875,174.0968017578125,20.03931999206543,20.03931999206543
509,464.7135314941406,170.02085876464844,21.730600357055664,21.730600357055664
510,461.58453369140625,164.9950714111328,27.171323776245117,27.171323776245117
511,458.25933837890625,163.8755645751953,26.524646759033203,26.524646759033203
512,456.3153991699219,162.6771697998047,27.778034210205078,27.778034210205078
513,455.6103210449219,159.7179412841797,26.321802139282227,26.321802139282227
514,454.248779296875,160.2199249267578,26.81430435180664,26.81430435180664
515,454.197509765625,156.08128356933594,27.155874252319336,27.155874252319336
516,454.146240234375,151.94264221191406,27.49744415283203,27.49744415283203
517,454.094970703125,147.8040008544922,27.839014053344727,27.839014053344727
518,444.88037109375,178.74957275390625,27.713775634765625,27.713775634765625
519,443.3573303222656,189.47711181640625,28.14320945739746,28.14320945739746
520,436.3040466308594,200.5493621826172,25.527250289916992,25.527250289916992
521,436.8199157714844,205.16966247558594,25.57819366455078,25.57819366455078
522,436.4235534667969,219.74453735351562,26.76812744140625,26.76812744140625
523,434.13818359375,224.13352966308594,27.731704711914062,27.731704711914062
524,437.36236572265625,204.5394744873047,24.532453536987305,24.532453536987305
525,436.131103515625,193.45547485351562,28.364103317260742,28.364103317260742
526,435.37481689453125,192.30984497070312,28.650588989257812,28.650588989257812
527,434.6185302734375,191.16421508789062,28.937074661254883,28.937074661254883
528,433.86224365234375,190.01858520507812,29.223560333251953,29.223560333251953
529,433.10595703125,188.87295532226562,29.510046005249023,29.510046005249023
530,432.34967041015625,187.72732543945312,29.796531677246094,29.796531677246094
531,436.7496032714844,143.6299285888672,21.108983993530273,21.108983993530273
532,434.3134765625,139.81951904296875,21.58821678161621,21.58821678161621
533,431.1791687011719,133.7246856689453,21.592485427856445,21.592485427856445
534,428.04486083984375,127.6298599243164,21.59675407409668,21.59675407409668
535,424.9105529785156,121.5350341796875,21.601022720336914,21.601022720336914
536,421.7762451171875,115.4402084350586,21.60529136657715,21.60529136657715
537,418.6419372558594,109.34538269042969,21.609560012817383,21.609560012817383
538,415.50762939453125,103.25055694580078,21.613828659057617,21.613828659057617
539,412.3733215332031,97.15573120117188,21.61809730529785,21.61809730529785
540,409.239013671875,91.06090545654297,21.622365951538086,21.622365951538086
541,429.53985595703125,156.56553649902344,20.172521591186523,20.172521591186523
542,432.9703063964844,163.69676208496094,22.791234970092773,22.791234970092773
543,437.64263916015625,167.39553833007812,23.882301330566406,23.882301330566406
544,432.1915588378906,185.86651611328125,22.104488372802734,22.104488372802734
545,431.42108154296875,190.38084411621094,22.21854591369629,22.21854591369629
546,430.6506042480469,194.89517211914062,22.332603454589844,22.332603454589844
547,429.880126953125,199.4095001220703,22.4466609954834,22.4466609954834
548,437.8373107910156,183.0804443359375,24.009784698486328,24.009784698486328
549,443.09759521484375,183.81373596191406,24.076332092285156,24.076332092285156
550,448.3578796386719,184.54702758789062,24.142879486083984,24.142879486083984
551,453.6181640625,185.2803192138672,24.209426879882812,24.209426879882812
552,458.8784484863281,186.01361083984375,24.27597427368164,24.27597427368164
553,464.13873291015625,186.7469024658203,24.34252166748047,24.34252166748047
554,451.33721923828125,121.2058334350586,20.154253005981445,20.154253005981445
555,453.8875732421875,115.88447570800781,20.237733840942383,20.237733840942383
556,460.42535400390625,108.73394775390625,27.36563491821289,27.36563491821289
557,465.4464416503906,103.4129638671875,25.959890365600586,25.959890365600586
558,464.3701171875,100.51483154296875,28.02268409729004,28.02268409729004
559,469.25701904296875,96.35104370117188,28.602685928344727,28.602685928344727
560,468.7796936035156,98.77569580078125,25.918441772460938,25.918441772460938
561,468.88818359375,98.07982635498047,25.236141204833984,25.236141204833984
562,470.2032775878906,97.46412658691406,25.57525062561035,25.57525062561035
563,471.51837158203125,96.84842681884766,25.91436004638672,25.91436004638672
564,472.8334655761719,96.23272705078125,26.253469467163086,26.253469467163086
565,474.1485595703125,95.61702728271484,26.592578887939453,26.592578887939453
566,475.4636535644531,95.00132751464844,26.93168830871582,26.93168830871582
567,475.5182800292969,122.24018859863281,25.714025497436523,25.714025497436523
568,476.83538818359375,122.46697235107422,25.82097053527832,25.82097053527832
569,478.1524963378906,122.69375610351562,25.927915573120117,25.927915573120117
570,479.4696044921875,122.92053985595703,26.034860610961914,26.034860610961914
571,480.7867126464844,123.14732360839844,26.14180564880371,26.14180564880371
572,482.2081604003906,176.8894500732422,25.85651969909668,25.85651969909668
573,482.55419921875,193.0912322998047,27.428693771362305,27.428693771362305
574,485.0608825683594,209.2432098388672,28.223093032836914,28.223093032836914
575,485.9744567871094,231.1400909423828,26.049057006835938,26.049057006835938
576,487.1011047363281,243.2404022216797,26.07262420654297,26.07262420654297
577,488.2277526855469,255.34071350097656,26.09619140625,26.09619140625
578,480.7112731933594,194.43272399902344,26.06332778930664,26.06332778930664
579,475.9126892089844,182.70416259765625,27.187421798706055,27.187421798706055
580,470.41900634765625,167.8822479248047,30.097814559936523,30.097814559936523
581,466.3283386230469,163.6995391845703,30.306015014648438,30.306015014648438
582,462.2376708984375,159.51683044433594,30.51421546936035,30.51421546936035
583,458.1470031738281,155.33412170410156,30.722415924072266,30.722415924072266
584,454.05633544921875,151.1514129638672,30.93061637878418,30.93061637878418
585,449.9656677246094,146.9687042236328,31.138816833496094,31.138816833496094
586,445.875,142.78599548339844,31.347017288208008,31.347017288208008
587,441.7843322753906,138.60328674316406,31.555217742919922,31.555217742919922
588,437.69366455078125,134.4205780029297,31.763418197631836,31.763418197631836
589,433.6029968261719,130.2378692626953,31.97161865234375,31.97161865234375
590,429.5123291015625,126.05516052246094,32.1798210144043,32.1798210144043
591,425.4216613769531,121.87245178222656,32.388023376464844,32.388023376464844
592,421.33099365234375,117.68974304199219,32.59622573852539,32.59622573852539
593,417.2403259277344,113.50703430175781,32.80442810058594,32.80442810058594
594,413.149658203125,109.32432556152344,33.012630462646484,33.012630462646484
595,409.0589904785156,105.14161682128906,33.22083282470703,33.22083282470703
596,404.96832275390625,100.95890808105469,33.42903518676758,33.42903518676758
597,400.8776550292969,96.77619934082031,33.637237548828125,33.637237548828125
598,396.7869873046875,92.59349060058594,33.84543991088867,33.84543991088867
599,392.6963195800781,88.41078186035156,34.05364227294922,34.05364227294922
600,388.60565185546875,84.22807312011719,34.261844635009766,34.261844635009766
601,384.5149841308594,80.04536437988281,34.47004699707031,34.47004699707031
602,472.57177734375,186.95848083496094,19.625173568725586,19.625173568725586
603,468.98590087890625,184.2843475341797,19.84621810913086,19.84621810913086
604,465.4000244140625,181.61021423339844,20.067262649536133,20.067262649536133
605,461.81414794921875,178.9360809326172,20.288307189941406,20.288307189941406
606,458.228271484375,176.26194763183594,20.50935173034668,20.50935173034668
607,454.64239501953125,173.5878143310547,20.730396270751953,20.730396270751953
608,451.0565185546875,170.91368103027344,20.951440811157227,20.951440811157227
609,447.47064208984375,168.2395477294922,21.1724853515625,21.1724853515625
610,443.884765625,165.56541442871094,21.393529891967773,21.393529891967773
611,440.29888916015625,162.8912811279297,21.614574432373047,21.614574432373047
612,488.0390625,115.19786834716797,20.369131088256836,20.369131088256836
613,490.6043395996094,113.00304412841797,21.822952270507812,21.822952270507812
614,492.3763732910156,111.7569351196289,21.512643814086914,21.512643814086914
615,498.85693359375,114.97132873535156,21.436899185180664,21.436899185180664
616,505.3374938964844,118.18572235107422,21.361154556274414,21.361154556274414
617,511.81805419921875,121.40011596679688,21.285409927368164,21.285409927368164
618,518.298583984375,124.61450958251953,21.209665298461914,21.209665298461914
619,524.7791137695312,127.82890319824219,21.133920669555664,21.133920669555664
620,531.2596435546875,131.04330444335938,21.058176040649414,21.058176040649414
621,447.5406799316406,140.37852478027344,24.095914840698242,24.095914840698242
622,448.23388671875,146.02346801757812,24.396936416625977,24.396936416625977
623,442.59088134765625,153.94078063964844,24.715614318847656,24.715614318847656
624,436.9478759765625,161.85809326171875,25.034292221069336,25.034292221069336
625,431.30487060546875,169.77540588378906,25.352970123291016,25.352970123291016
626,425.661865234375,177.69271850585938,25.671648025512695,25.671648025512695
627,452.0910339355469,202.46258544921875,23.425708770751953,23.425708770751953
628,446.234375,226.1260223388672,24.13627815246582,24.13627815246582
629,440.9548645019531,235.070068359375,23.975387573242188,23.975387573242188
630,435.67535400390625,244.0141143798828,23.814496994018555,23.814496994018555
631,430.3958435058594,252.95816040039062,23.653606414794922,23.653606414794922
632,436.7675476074219,179.373291015625,21.34376335144043,21.34376335144043
633,435.4468994140625,178.37911987304688,21.656734466552734,21.656734466552734
634,434.1262512207031,177.38494873046875,21.96970558166504,21.96970558166504
635,432.80560302734375,176.39077758789062,22.282676696777344,22.282676696777344
636,431.4849548339844,175.3966064453125,22.59564781188965,22.59564781188965
637,430.164306640625,174.40243530273438,22.908618927001953,22.908618927001953
638,428.8436584472656,173.40826416015625,23.221590042114258,23.221590042114258
639,427.52301025390625,172.41409301757812,23.534561157226562,23.534561157226562
640,426.2023620605469,171.419921875,23.847532272338867,23.847532272338867
641,424.8817138671875,170.42575073242188,24.160503387451172,24.160503387451172
642,423.5610656738281,169.43157958984375,24.473474502563477,24.473474502563477
643,422.24041748046875,168.43740844726562,24.78644561767578,24.78644561767578
644,420.9197692871094,167.4432373046875,25.099416732788086,25.099416732788086
645,419.59912109375,166.44906616210938,25.41238784790039,25.41238784790039
646,418.2784729003906,165.45489501953125,25.725358963012695,25.725358963012695
647,416.95782470703125,164.46072387695312,26.038330078125,26.038330078125
648,415.6371765136719,163.466552734375,26.351301193237305,26.351301193237305
649,414.3165283203125,162.47238159179688,26.66427230834961,26.66427230834961
650,412.9958801269531,161.47821044921875,26.977243423461914,26.977243423461914
651,411.67523193359375,160.48403930664062,27.29021453857422,27.29021453857422
652,410.3545837402344,159.4898681640625,27.603185653686523,27.603185653686523
653,409.033935546875,158.49569702148438,27.916156768798828,27.916156768798828
654,407.7132873535156,157.50152587890625,28.229127883911133,28.229127883911133
655,406.39263916015625,156.50735473632812,28.542098999023438,28.542098999023438
656,405.0719909667969,155.51318359375,28.855070114135742,28.855070114135742
657,403.7513427734375,154.51901245117188,29.168041229248047,29.168041229248047
658,402.4306945800781,153.52484130859375,29.48101234436035,29.48101234436035
659,401.11004638671875,152.53067016601562,29.793983459472656,29.793983459472656
660,399.7893981933594,151.5364990234375,30.10695457458496,30.10695457458496
661,398.46875,150.54232788085938,30.419925689697266,30.419925689697266
662,397.1481018066406,149.54815673828125,30.73289680480957,30.73289680480957
663,395.82745361328125,148.55398559570312,31.045867919921875,31.045867919921875
664,412.294189453125,142.62088012695312,26.205991744995117,26.205991744995117
665,410.0939636230469,143.2546844482422,26.391084671020508,26.391084671020508
666,407.89373779296875,143.88848876953125,26.5761775970459,26.5761775970459
667,415.012451171875,114.96370697021484,25.976709365844727,25.976709365844727
668,413.8459167480469,112.25186157226562,25.613754272460938,25.613754272460938
669,412.67938232421875,109.5400161743164,25.25079917907715,25.25079917907715
670,411.5128479003906,106.82817077636719,24.88784408569336,24.88784408569336
671,418.0402526855469,77.5102767944336,24.8818416595459,24.8818416595459
672,421.9462585449219,71.4858627319336,22.43175506591797,22.43175506591797
673,423.14971923828125,62.34699630737305,22.2209529876709,22.2209529876709
674,421.8076171875,65.43490600585938,25.316669464111328,25.316669464111328
675,422.8724670410156,64.69166564941406,25.275426864624023,25.275426864624023
676,423.3633728027344,66.27754211425781,24.472919464111328,24.472919464111328
677,425.86474609375,65.68109130859375,24.5478572845459,24.5478572845459
678,425.66064453125,66.3729248046875,24.97057342529297,24.97057342529297
679,428.9066467285156,62.24672317504883,25.1546573638916,25.1546573638916
680,432.15264892578125,58.120521545410156,25.338741302490234,25.338741302490234
681,428.44970703125,79.78196716308594,24.255674362182617,24.255674362182617
682,432.7205505371094,92.96544647216797,24.814773559570312,24.814773559570312
683,435.9176940917969,106.96370697021484,27.84797477722168,27.84797477722168
684,436.1641540527344,111.7715072631836,25.16580581665039,25.16580581665039
685,439.0492248535156,130.6385498046875,32.46235275268555,32.46235275268555
686,442.5143737792969,151.401123046875,36.077789306640625,36.077789306640625
687,438.1204528808594,163.7959747314453,27.394153594970703,27.394153594970703
688,438.8487854003906,173.18455505371094,26.07086181640625,26.07086181640625
689,442.5951843261719,184.89013671875,26.0919246673584,26.0919246673584
690,446.3415832519531,196.59571838378906,26.112987518310547,26.112987518310547
691,442.3821716308594,227.92320251464844,25.148191452026367,25.148191452026367
692,443.2216491699219,231.5600128173828,24.114187240600586,24.114187240600586
693,442.9071960449219,220.91697692871094,26.875394821166992,26.875394821166992
694,442.2716979980469,215.13430786132812,29.93110466003418,29.93110466003418
695,442.9237365722656,210.1342010498047,29.594863891601562,29.594863891601562
696,443.0856628417969,210.42955017089844,29.87572479248047,29.87572479248047
697,434.1226501464844,197.7677459716797,31.324594497680664,31.324594497680664
698,429.76544189453125,193.7236785888672,29.453733444213867,29.453733444213867
699,426.0562438964844,191.415771484375,26.39259910583496,26.39259910583496
700,419.29327392578125,188.9255828857422,25.15028190612793,25.15028190612793
701,413.8269958496094,184.01437377929688,25.121931076049805,25.121931076049805
702,408.3607177734375,179.10316467285156,25.09358024597168,25.09358024597168
703,406.947265625,186.8289337158203,27.101226806640625,27.101226806640625
704,408.163818359375,188.882568359375,26.42561912536621,26.42561912536621
705,403.2710876464844,192.6854705810547,26.898584365844727,26.898584365844727
706,398.8832702636719,197.3402099609375,25.633398056030273,25.633398056030273
707,397.4559326171875,207.1155242919922,22.87879753112793,22.87879753112793
708,394.1171569824219,209.41990661621094,22.496990203857422,22.496990203857422
709,393.5193786621094,221.0084686279297,29.455564498901367,29.455564498901367
710,390.07489013671875,230.43154907226562,29.509078979492188,29.509078979492188
711,386.6304016113281,239.85462951660156,29.562593460083008,29.562593460083008
712,383.1859130859375,249.2777099609375,29.616107940673828,29.616107940673828
713,379.7414245605469,258.7007751464844,29.66962242126465,29.66962242126465
714,376.29693603515625,268.12384033203125,29.72313690185547,29.72313690185547
715,372.8524475097656,277.5469055175781,29.77665138244629,29.77665138244629
716,396.6864929199219,160.3068084716797,27.344696044921875,27.344696044921875
717,396.9007873535156,153.5710906982422,26.764806747436523,26.764806747436523
718,402.4301452636719,148.6112518310547,28.212377548217773,28.212377548217773
719,401.3324279785156,143.2899169921875,28.51828956604004,28.51828956604004
720,400.2347106933594,137.9685821533203,28.824201583862305,28.824201583862305
721,422.46710205078125,141.6924591064453,29.61917495727539,29.61917495727539
722,427.8727111816406,142.37432861328125,30.62986183166504,30.62986183166504
723,434.5711975097656,142.55899047851562,28.898147583007812,28.898147583007812
724,438.0857849121094,145.299560546875,29.82891845703125,29.82891845703125
725,444.7464294433594,148.17178344726562,30.30592155456543,30.30592155456543
726,449.86041259765625,149.0337677001953,30.193002700805664,30.193002700805664
727,454.9743957519531,149.895751953125,30.0800838470459,30.0800838470459
728,460.08837890625,150.7577362060547,29.967164993286133,29.967164993286133
729,455.0869140625,179.162109375,28.512100219726562,28.512100219726562
730,453.5352478027344,167.9177703857422,29.26312255859375,29.26312255859375
731,455.4179382324219,138.59141540527344,21.06292152404785,21.06292152404785
732,447.6710510253906,120.982177734375,26.291168212890625,26.291168212890625
733,448.001953125,111.50919342041016,30.403898239135742,30.403898239135742
734,447.39459228515625,104.22692108154297,28.673709869384766,28.673709869384766
735,443.4447326660156,89.23320007324219,27.439294815063477,27.439294815063477
736,440.0763244628906,76.0646743774414,27.422433853149414,27.422433853149414
737,436.7079162597656,62.896148681640625,27.40557289123535,27.40557289123535
738,433.3395080566406,49.727622985839844,27.38871192932129,27.38871192932129
739,429.9710998535156,36.55909729003906,27.371850967407227,27.371850967407227
740,426.6026916503906,23.39057159423828,27.354990005493164,27.354990005493164
741,454.7946472167969,27.56635093688965,24.638259887695312,24.638259887695312
742,456.9028625488281,14.888811111450195,24.200096130371094,24.200096130371094
743,459.0110778808594,2.211271286010742,23.761932373046875,23.761932373046875
744,461.1192932128906,-10.466268539428711,23.323768615722656,23.323768615722656
745,463.2275085449219,-23.143808364868164,22.885604858398438,22.885604858398438
746,465.3357238769531,-35.82135009765625,22.44744110107422,22.44744110107422
747,467.4439392089844,-48.4988899230957,22.00927734375,22.00927734375
748,469.5521545410156,-61.176429748535156,21.57111358642578,21.57111358642578
749,471.6603698730469,-73.85397338867188,21.132949829101562,21.132949829101562
750,473.7685852050781,-86.53150939941406,20.694786071777344,20.694786071777344
751,475.8768005371094,-99.20904541015625,20.256622314453125,20.256622314453125
752,477.9850158691406,-111.88658142089844,19.818458557128906,19.818458557128906
753,480.0932312011719,-124.56411743164062,19.380294799804688,19.380294799804688
754,482.2014465332031,-137.2416534423828,18.94213104248047,18.94213104248047
755,457.75421142578125,96.57832336425781,30.165502548217773,30.165502548217773
756,455.84686279296875,95.8742904663086,30.18720245361328,30.18720245361328
757,453.93951416015625,95.17025756835938,30.20890235900879,30.20890235900879
758,452.03216552734375,94.46622467041016,30.230602264404297,30.230602264404297
759,451.79522705078125,126.44646453857422,23.701757431030273,23.701757431030273
760,454.28253173828125,120.55391693115234,29.10260009765625,29.10260009765625
761,451.8860778808594,110.05787658691406,30.495899200439453,30.495899200439453
762,450.4237365722656,103.0066146850586,30.107666015625,30.107666015625
763,448.7498474121094,96.2197494506836,30.74616050720215,30.74616050720215
764,447.8365783691406,89.1660385131836,27.6698055267334,27.6698055267334
765,446.10089111328125,86.3305892944336,27.598617553710938,27.598617553710938
766,444.45294189453125,85.45885467529297,25.91776466369629,25.91776466369629
767,443.3239440917969,84.30765533447266,24.740480422973633,24.740480422973633
768,442.2215270996094,86.43470764160156,25.344045639038086,25.344045639038086
769,443.35308837890625,89.24462127685547,27.94032096862793,27.94032096862793
770,441.599365234375,93.74520111083984,28.894962310791016,28.894962310791016
771,440.9100646972656,99.04869842529297,27.152637481689453,27.152637481689453
772,439.0000915527344,106.45912170410156,28.042211532592773,28.042211532592773
773,436.88079833984375,108.49064636230469,27.955005645751953,27.955005645751953
774,434.7615051269531,110.52217102050781,27.867799758911133,27.867799758911133
775,432.6422119140625,112.55369567871094,27.780593872070312,27.780593872070312
776,430.5229187011719,114.58522033691406,27.693387985229492,27.693387985229492
777,428.40362548828125,116.61674499511719,27.606182098388672,27.606182098388672
778,426.2843322753906,118.64826965332031,27.51897621154785,27.51897621154785
779,424.1650390625,120.67979431152344,27.43177032470703,27.43177032470703
780,447.21368408203125,199.489501953125,22.591373443603516,22.591373443603516
781,447.3367919921875,213.0167236328125,22.279081344604492,22.279081344604492
782,447.45989990234375,226.5439453125,21.96678924560547,21.96678924560547
783,460.2192077636719,224.4649200439453,24.34418296813965,24.34418296813965
784,461.4411315917969,235.59085083007812,24.374937057495117,24.374937057495117
785,467.45562744140625,189.7597198486328,24.163869857788086,24.163869857788086
786,472.4011535644531,192.71751403808594,24.11141014099121,24.11141014099121
787,477.3466796875,195.67530822753906,24.058950424194336,24.058950424194336
788,482.2922058105469,198.6331024169922,24.00649070739746,24.00649070739746
789,487.23773193359375,201.5908966064453,23.954030990600586,23.954030990600586
790,469.8956604003906,135.85435485839844,23.35509490966797,23.35509490966797
791,472.5467834472656,132.30601501464844,19.555931091308594,19.555931091308594
792,467.2586364746094,126.0833969116211,24.663305282592773,24.663305282592773
793,464.4833679199219,112.80181121826172,24.542869567871094,24.542869567871094
794,461.9242858886719,119.52831268310547,25.302783966064453,25.302783966064453
795,460.7707214355469,121.60638427734375,24.00084114074707,24.00084114074707
796,462.475830078125,120.12586212158203,24.373779296875,24.373779296875
797,450.6864318847656,124.80384826660156,22.687620162963867,22.687620162963867
798,444.4659118652344,130.2238311767578,20.417953491210938,20.417953491210938
799,441.43450927734375,132.17735290527344,20.06973648071289,20.06973648071289
800,438.4031066894531,134.13087463378906,19.721519470214844,19.721519470214844
801,435.3717041015625,136.0843963623047,19.373302459716797,19.373302459716797
802,432.3403015136719,138.0379180908203,19.02508544921875,19.02508544921875
803,429.30889892578125,139.99143981933594,18.676868438720703,18.676868438720703
804,426.2774963378906,141.94496154785156,18.328651428222656,18.328651428222656
805,423.24609375,143.8984832763672,17.98043441772461,17.98043441772461
806,420.2146911621094,145.8520050048828,17.632217407226562,17.632217407226562
807,417.18328857421875,147.80552673339844,17.284000396728516,17.284000396728516
808,433.0899963378906,218.91368103027344,20.741117477416992,20.741117477416992
809,436.6399230957031,225.4653778076172,20.427217483520508,20.427217483520508
810,440.1898498535156,232.01707458496094,20.113317489624023,20.113317489624023
811,420.18212890625,221.9890594482422,21.79220199584961,21.79220199584961
812,420.393310546875,228.78964233398438,21.48900604248047,21.48900604248047
813,420.6044921875,235.59022521972656,21.185810089111328,21.185810089111328
814,409.33819580078125,197.7100372314453,23.1467342376709,23.1467342376709
815,403.32080078125,190.63185119628906,23.26206398010254,23.26206398010254
816,397.0034484863281,187.51931762695312,23.25172996520996,23.25172996520996
817,390.68609619140625,184.4067840576172,23.241395950317383,23.241395950317383
818,384.3687438964844,181.29425048828125,23.231061935424805,23.231061935424805
819,378.0513916015625,178.1817169189453,23.220727920532227,23.220727920532227
820,371.7340393066406,175.06918334960938,23.21039390563965,23.21039390563965
821,365.41668701171875,171.95664978027344,23.20005989074707,23.20005989074707
822,359.0993347167969,168.8441162109375,23.189725875854492,23.189725875854492
823,352.781982421875,165.73158264160156,23.179391860961914,23.179391860961914
824,346.4646301269531,162.61904907226562,23.169057846069336,23.169057846069336
825,340.14727783203125,159.5065155029297,23.158723831176758,23.158723831176758
826,333.8299255371094,156.39398193359375,23.14838981628418,23.14838981628418
827,327.5125732421875,153.2814483642578,23.1380558013916,23.1380558013916
828,321.1952209472656,150.16891479492188,23.127721786499023,23.127721786499023
829,314.87786865234375,147.05638122558594,23.117387771606445,23.117387771606445
830,308.5605163574219,143.94384765625,23.107053756713867,23.107053756713867
831,302.2431640625,140.83131408691406,23.09671974182129,23.09671974182129
832,295.9258117675781,137.71878051757812,23.08638572692871,23.08638572692871
833,289.60845947265625,134.6062469482422,23.076051712036133,23.076051712036133
834,283.2911071777344,131.49371337890625,23.065717697143555,23.065717697143555
835,276.9737548828125,128.3811798095703,23.055383682250977,23.055383682250977
836,270.6564025878906,125.26864624023438,23.0450496673584,23.0450496673584
837,264.33905029296875,122.15611267089844,23.03471565246582,23.03471565246582
838,258.0216979980469,119.0435791015625,23.024381637573242,23.024381637573242
839,251.704345703125,115.93104553222656,23.014047622680664,23.014047622680664
840,245.38699340820312,112.81851196289062,23.003713607788086,23.003713607788086
841,239.06964111328125,109.70597839355469,22.993379592895508,22.993379592895508
842,232.75228881835938,106.59344482421875,22.98304557800293,22.98304557800293
843,226.4349365234375,103.48091125488281,22.97271156311035,22.97271156311035
844,220.11758422851562,100.36837768554688,22.962377548217773,22.962377548217773
845,213.80023193359375,97.25584411621094,22.952043533325195,22.952043533325195
846,207.48287963867188,94.143310546875,22.941709518432617,22.941709518432617
847,201.16552734375,91.03077697753906,22.93137550354004,22.93137550354004
848,194.84817504882812,87.91824340820312,22.92104148864746,22.92104148864746
849,188.53082275390625,84.80570983886719,22.910707473754883,22.910707473754883
850,182.21347045898438,81.69317626953125,22.900373458862305,22.900373458862305
851,175.8961181640625,78.58064270019531,22.890039443969727,22.890039443969727
852,169.57876586914062,75.46810913085938,22.87970542907715,22.87970542907715
853,163.26141357421875,72.35557556152344,22.86937141418457,22.86937141418457
854,156.94406127929688,69.2430419921875,22.859037399291992,22.859037399291992
855,150.626708984375,66.13050842285156,22.848703384399414,22.848703384399414
856,144.30935668945312,63.01797103881836,22.838369369506836,22.838369369506836
857,137.99200439453125,59.905433654785156,22.828035354614258,22.828035354614258
858,131.67465209960938,56.79289627075195,22.81770133972168,22.81770133972168
859,125.35729217529297,53.68035888671875,22.8073673248291,22.8073673248291
860,119.03993225097656,50.56782150268555,22.797033309936523,22.797033309936523
861,112.72257232666016,47.455284118652344,22.786699295043945,22.786699295043945
862,106.40521240234375,44.34274673461914,22.776365280151367,22.776365280151367
863,100.08785247802734,41.23020935058594,22.76603126525879,22.76603126525879
864,93.77049255371094,38.117671966552734,22.75569725036621,22.75569725036621
865,87.45313262939453,35.00513458251953,22.745363235473633,22.745363235473633
866,81.13577270507812,31.892597198486328,22.735029220581055,22.735029220581055
867,74.81841278076172,28.780059814453125,22.724695205688477,22.724695205688477
868,68.50105285644531,25.667522430419922,22.7143611907959,22.7143611907959
869,62.183692932128906,22.55498504638672,22.70402717590332,22.70402717590332
870,55.8663330078125,19.442447662353516,22.693693161010742,22.693693161010742
871,49.548973083496094,16.329910278320312,22.683359146118164,22.683359146118164
872,43.23161315917969,13.21737289428711,22.673025131225586,22.673025131225586
873,36.91425323486328,10.104835510253906,22.662691116333008,22.662691116333008
874,30.596893310546875,6.992298126220703,22.65235710144043,22.65235710144043
875,24.27953338623047,3.879760980606079,22.64202308654785,22.64202308654785
876,17.962173461914062,0.7672238349914551,22.631689071655273,22.631689071655273
877,11.644813537597656,-2.345313310623169,22.621355056762695,22.621355056762695
878,5.32745361328125,-5.457850456237793,22.611021041870117,22.611021041870117
879,-0.9899063110351562,-8.570387840270996,22.60068702697754,22.60068702697754
880,-7.3072662353515625,-11.6829252243042,22.59035301208496,22.59035301208496
881,-13.624626159667969,-14.795462608337402,22.580018997192383,22.580018997192383
882,-19.941986083984375,-17.90799903869629,22.569684982299805,22.569684982299805
883,-26.25934600830078,-21.020536422729492,22.559350967407227,22.559350967407227
884,348.8354187011719,284.8156433105469,25.655872344970703,25.655872344970703
885,346.527099609375,290.0704345703125,26.02215003967285,26.02215003967285
886,344.2187805175781,295.3252258300781,26.388427734375,26.388427734375
887,341.91046142578125,300.58001708984375,26.75470542907715,26.75470542907715
888,339.6021423339844,305.8348083496094,27.120983123779297,27.120983123779297
889,337.2938232421875,311.089599609375,27.487260818481445,27.487260818481445
890,334.9855041503906,316.3443908691406,27.853538513183594,27.853538513183594
891,332.67718505859375,321.59918212890625,28.219816207885742,28.219816207885742
892,330.3688659667969,326.8539733886719,28.58609390258789,28.58609390258789
893,328.060546875,332.1087646484375,28.95237159729004,28.95237159729004
894,325.7522277832031,337.3635559082031,29.318649291992188,29.318649291992188
895,323.44390869140625,342.61834716796875,29.684926986694336,29.684926986694336
896,321.1355895996094,347.8731384277344,30.051204681396484,30.051204681396484
897,318.8272705078125,353.1279296875,30.417482376098633,30.417482376098633
898,316.5189514160156,358.3827209472656,30.78376007080078,30.78376007080078
899,314.21063232421875,363.63751220703125,31.15003776550293,31.15003776550293
900,311.9023132324219,368.8923034667969,31.516315460205078,31.516315460205078
901,309.593994140625,374.1470947265625,31.882593154907227,31.882593154907227
902,307.2856750488281,379.4018859863281,32.248870849609375,32.248870849609375
903,304.97735595703125,384.65667724609375,32.61514663696289,32.61514663696289
904,302.6690368652344,389.9114685058594,32.981422424316406,32.981422424316406
905,300.3607177734375,395.166259765625,33.34769821166992,33.34769821166992
906,298.0523986816406,400.4210510253906,33.71397399902344,33.71397399902344
907,295.74407958984375,405.67584228515625,34.08024978637695,34.08024978637695
908,293.4357604980469,410.9306335449219,34.44652557373047,34.44652557373047
909,291.12744140625,416.1854248046875,34.812801361083984,34.812801361083984
910,288.8191223144531,421.4402160644531,35.1790771484375,35.1790771484375
911,286.51080322265625,426.69500732421875,35.545352935791016,35.545352935791016
912,284.2024841308594,431.9497985839844,35.91162872314453,35.91162872314453
913,281.8941650390625,437.20458984375,36.27790451049805,36.27790451049805
914,279.5858459472656,442.4593811035156,36.64418029785156,36.64418029785156
915,277.27752685546875,447.71417236328125,37.01045608520508,37.01045608520508
916,274.9692077636719,452.9689636230469,37.376731872558594,37.376731872558594
917,272.660888671875,458.2237548828125,37.74300765991211,37.74300765991211
918,270.3525695800781,463.4785461425781,38.109283447265625,38.109283447265625
919,268.04425048828125,468.73333740234375,38.47555923461914,38.47555923461914
920,265.7359313964844,473.9881286621094,38.841835021972656,38.841835021972656
921,263.4276123046875,479.242919921875,39.20811080932617,39.20811080932617
922,261.1192932128906,484.4977111816406,39.57438659667969,39.57438659667969
923,258.81097412109375,489.75250244140625,39.9406623840332,39.9406623840332
924,256.5026550292969,495.0072937011719,40.30693817138672,40.30693817138672
925,254.19432067871094,500.2620849609375,40.673213958740234,40.673213958740234
926,251.885986328125,505.5168762207031,41.03948974609375,41.03948974609375
927,249.57765197753906,510.77166748046875,41.405765533447266,41.405765533447266
928,247.26931762695312,516.0264892578125,41.77204132080078,41.77204132080078
929,244.9609832763672,521.2813110351562,42.1383171081543,42.1383171081543
930,242.65264892578125,526.5361328125,42.50459289550781,42.50459289550781
931,240.3443145751953,531.7909545898438,42.87086868286133,42.87086868286133
932,238.03598022460938,537.0457763671875,43.237144470214844,43.237144470214844
933,235.72764587402344,542.3005981445312,43.60342025756836,43.60342025756836
934,233.4193115234375,547.555419921875,43.969696044921875,43.969696044921875
935,231.11097717285156,552.8102416992188,44.33597183227539,44.33597183227539
936,228.80264282226562,558.0650634765625,44.702247619628906,44.702247619628906
937,226.4943084716797,563.3198852539062,45.06852340698242,45.06852340698242
938,224.18597412109375,568.57470703125,45.43479919433594,45.43479919433594
939,221.8776397705078,573.8295288085938,45.80107498168945,45.80107498168945
940,219.56930541992188,579.0843505859375,46.16735076904297,46.16735076904297
941,217.26097106933594,584.3391723632812,46.533626556396484,46.533626556396484
942,214.95263671875,589.593994140625,46.89990234375,46.89990234375
943,212.64430236816406,594.8488159179688,47.266178131103516,47.266178131103516
944,210.33596801757812,600.1036376953125,47.63245391845703,47.63245391845703
945,208.0276336669922,605.3584594726562,47.99872970581055,47.99872970581055
946,205.71929931640625,610.61328125,48.36500549316406,48.36500549316406
947,203.4109649658203,615.8681030273438,48.73128128051758,48.73128128051758
948,201.10263061523438,621.1229248046875,49.097557067871094,49.097557067871094
949,198.79429626464844,626.3777465820312,49.46383285522461,49.46383285522461
950,196.4859619140625,631.632568359375,49.830108642578125,49.830108642578125
951,194.17762756347656,636.8873901367188,50.19638442993164,50.19638442993164
952,191.86929321289062,642.1422119140625,50.562660217285156,50.562660217285156
953,189.5609588623047,647.3970336914062,50.92893600463867,50.92893600463867
954,187.25262451171875,652.65185546875,51.29521179199219,51.29521179199219
955,184.9442901611328,657.9066772460938,51.6614875793457,51.6614875793457
956,182.63595581054688,663.1614990234375,52.02776336669922,52.02776336669922
957,180.32762145996094,668.4163208007812,52.394039154052734,52.394039154052734
958,178.019287109375,673.671142578125,52.76031494140625,52.76031494140625
959,175.71095275878906,678.9259643554688,53.126590728759766,53.126590728759766
960,173.40261840820312,684.1807861328125,53.49286651611328,53.49286651611328
961,171.0942840576172,689.4356079101562,53.8591423034668,53.8591423034668
962,168.78594970703125,694.6904296875,54.22541809082031,54.22541809082031
963,166.4776153564453,699.9452514648438,54.59169387817383,54.59169387817383
964,164.16928100585938,705.2000732421875,54.957969665527344,54.957969665527344
965,161.86094665527344,710.4548950195312,55.32424545288086,55.32424545288086
966,159.5526123046875,715.709716796875,55.690521240234375,55.690521240234375
967,157.24427795410156,720.9645385742188,56.05679702758789,56.05679702758789
